Date,Close/Last,Volume,Open,High,Low
06/27/2025,$27.00,18629440,$27.40,$27.76,$26.74
06/26/2025,$27.15,13857770,$27.10,$27.55,$27.00
06/25/2025,$26.82,15726060,$27.53,$27.55,$26.82
06/24/2025,$27.53,19116210,$27.25,$27.8675,$27.04
06/23/2025,$26.87,17264150,$27.20,$27.625,$26.61
06/20/2025,$27.76,22582970,$28.515,$28.61,$27.52
06/18/2025,$28.50,12211630,$29.34,$29.42,$28.48
06/17/2025,$29.44,8850713,$30.45,$30.61,$29.425
06/16/2025,$30.57,10658460,$30.34,$30.57,$29.88
06/13/2025,$29.90,10271560,$29.92,$31.02,$29.79
06/12/2025,$30.14,6817248,$30.21,$30.45,$29.95
06/11/2025,$30.68,7842271,$31.06,$31.18,$30.275
06/10/2025,$30.70,10985060,$29.68,$30.885,$29.55
06/09/2025,$29.39,11394410,$28.80,$29.795,$28.78
06/06/2025,$28.55,6728350,$28.35,$28.845,$28.305
06/05/2025,$28.18,8640670,$28.51,$28.605,$27.95
06/04/2025,$28.28,8844742,$27.85,$28.33,$27.69
06/03/2025,$27.79,10557580,$27.20,$28.055,$26.49
06/02/2025,$27.20,12390490,$27.66,$27.73,$26.8544
05/30/2025,$27.74,13965340,$27.955,$28.04,$27.43
05/29/2025,$28.79,10239300,$28.84,$29.09,$28.20
05/28/2025,$28.34,7731613,$29.00,$29.09,$28.26
05/27/2025,$28.92,8763090,$28.85,$29.04,$28.69
05/23/2025,$28.32,7095222,$28.15,$28.47,$27.91
05/22/2025,$28.67,6885103,$28.54,$28.845,$28.32
05/21/2025,$28.75,8938554,$29.51,$29.67,$28.69
05/20/2025,$29.79,5576378,$30.14,$30.2856,$29.7119
05/19/2025,$30.11,5937139,$29.65,$30.22,$29.405
05/16/2025,$30.19,5872555,$29.89,$30.295,$29.53
05/15/2025,$29.90,6481018,$29.80,$29.959,$29.395
05/14/2025,$30.17,6434869,$30.68,$30.77,$30.05
05/13/2025,$30.77,8502817,$30.93,$31.22,$30.60
05/12/2025,$30.98,11832540,$31.65,$32.39,$30.94
05/09/2025,$29.48,8162752,$29.45,$29.76,$29.205
05/08/2025,$29.24,7786950,$28.74,$29.7399,$28.6585
05/07/2025,$28.45,8817769,$29.00,$29.11,$28.275
05/06/2025,$28.80,7691287,$28.89,$29.28,$28.63
05/05/2025,$28.95,9061748,$29.905,$30.00,$28.92
05/02/2025,$30.42,8619373,$30.86,$31.06,$30.21
05/01/2025,$30.53,7009550,$30.68,$30.845,$30.27
04/30/2025,$30.59,11306070,$30.215,$30.64,$29.76
04/29/2025,$30.65,9498782,$29.80,$30.715,$29.77
04/28/2025,$29.95,9347169,$30.25,$30.94,$29.71
04/25/2025,$30.02,12991600,$29.34,$30.08,$29.12
04/24/2025,$29.76,13069320,$28.52,$30.1791,$28.05
04/23/2025,$29.00,10727020,$30.06,$30.75,$28.735
04/22/2025,$29.00,8488251,$28.54,$29.35,$28.50
04/21/2025,$28.12,7745064,$28.17,$28.34,$27.71
04/17/2025,$28.15,8474932,$27.73,$28.41,$27.73
04/16/2025,$27.47,8672378,$27.70,$28.18,$27.225
04/15/2025,$27.70,12375840,$28.07,$28.76,$27.685
04/14/2025,$28.88,10448530,$29.15,$29.45,$28.26
04/11/2025,$28.43,11189060,$27.01,$28.51,$26.47
04/10/2025,$27.29,15213230,$28.80,$28.82,$26.62
04/09/2025,$29.86,19876890,$25.35,$30.14,$25.06
04/08/2025,$25.81,17050540,$29.00,$29.00,$25.32
04/07/2025,$27.52,19652880,$27.22,$29.29,$26.3284
04/04/2025,$28.20,18677460,$30.21,$30.44,$28.045
04/03/2025,$31.46,18080860,$33.48,$33.64,$31.38
04/02/2025,$34.89,5146669,$34.32,$35.17,$34.30
04/01/2025,$34.61,6446040,$34.48,$34.765,$34.0941
03/31/2025,$34.92,8477150,$34.12,$35.21,$33.93
03/28/2025,$34.36,6913670,$35.06,$35.22,$34.125
03/27/2025,$35.24,6911890,$35.00,$35.40,$34.61
03/26/2025,$35.58,5813549,$35.27,$35.78,$35.13
03/25/2025,$35.32,7217983,$36.29,$36.32,$35.225
03/24/2025,$36.29,6797417,$36.53,$36.8584,$35.97
03/21/2025,$36.17,13257720,$36.25,$36.3552,$35.8138
03/20/2025,$36.61,5406614,$36.76,$37.00,$36.50
03/19/2025,$37.19,5525055,$37.50,$37.72,$37.04
03/18/2025,$37.61,4865955,$37.77,$37.80,$37.32
03/17/2025,$37.51,5097096,$37.01,$37.785,$37.01
03/14/2025,$36.97,5991563,$36.78,$37.18,$36.66
03/13/2025,$36.23,7958431,$35.68,$37.20,$35.62
03/12/2025,$35.75,6923877,$36.80,$36.80,$35.73
03/11/2025,$36.67,6997427,$37.605,$37.70,$36.17
03/10/2025,$37.40,6310809,$37.36,$38.3636,$37.1605
03/07/2025,$37.45,8667033,$37.19,$37.62,$36.76
03/06/2025,$37.44,9128453,$37.325,$37.69,$36.725
03/05/2025,$37.78,10393250,$36.26,$38.03,$36.20
03/04/2025,$35.62,8840482,$35.89,$36.21,$35.48
03/03/2025,$36.06,10954270,$38.67,$38.69,$36.01
02/28/2025,$38.11,10056890,$37.80,$38.31,$37.62
02/27/2025,$38.43,7949636,$38.75,$38.79,$38.16
02/26/2025,$38.85,6296757,$39.54,$39.57,$38.54
02/25/2025,$39.23,6180007,$39.19,$39.57,$38.985
02/24/2025,$39.05,7411660,$39.41,$39.44,$38.895
02/21/2025,$39.51,5962877,$39.84,$40.09,$39.155
02/20/2025,$39.59,5747143,$39.00,$39.61,$38.93
02/19/2025,$38.92,6219814,$39.00,$39.39,$38.79
02/18/2025,$39.72,7612272,$38.72,$40.02,$38.69
02/14/2025,$38.67,5387676,$38.83,$39.51,$38.61
02/13/2025,$38.34,6618988,$38.37,$38.6654,$38.05
02/12/2025,$38.26,5607387,$38.38,$38.5599,$38.0532
02/11/2025,$38.63,5446481,$38.65,$38.83,$38.435
02/10/2025,$38.57,5911062,$38.90,$39.00,$38.15
02/07/2025,$38.58,5966185,$38.90,$39.025,$38.335
02/06/2025,$38.77,7610278,$38.22,$38.89,$38.19
02/05/2025,$37.95,6757382,$38.22,$38.45,$37.72
02/04/2025,$38.55,10017060,$37.58,$38.92,$37.54
02/03/2025,$37.38,14986940,$38.20,$38.30,$36.66
01/31/2025,$39.05,12726510,$38.825,$39.28,$38.41
01/30/2025,$38.55,18933250,$39.32,$39.48,$37.49
01/29/2025,$41.05,6765212,$41.23,$41.475,$40.835
01/28/2025,$41.42,6009633,$42.01,$42.174,$41.28
01/27/2025,$41.92,6182677,$41.74,$41.97,$41.275
01/24/2025,$41.37,5111964,$41.72,$41.92,$41.31
01/23/2025,$41.47,5442387,$40.95,$41.53,$40.90
01/22/2025,$40.82,5607274,$41.40,$41.465,$40.81
01/21/2025,$41.58,5583583,$41.32,$41.76,$41.15
01/17/2025,$41.04,6194813,$41.11,$41.38,$40.985
01/16/2025,$40.87,5812295,$40.33,$41.05,$40.10
01/15/2025,$40.40,5446402,$40.48,$40.77,$40.14
01/14/2025,$40.08,4516036,$39.92,$40.11,$39.66
01/13/2025,$39.67,8230615,$38.55,$39.69,$38.55
01/10/2025,$38.50,7833945,$38.72,$38.835,$38.45
01/08/2025,$38.92,6196879,$39.05,$39.11,$38.33
01/07/2025,$39.41,7248827,$39.50,$39.945,$39.155
01/06/2025,$39.75,6899427,$39.80,$40.14,$39.55
01/03/2025,$39.40,6840562,$39.65,$39.815,$39.20
01/02/2025,$39.55,7132450,$40.33,$40.60,$39.50
12/31/2024,$40.13,6867187,$39.54,$40.275,$39.43
12/30/2024,$39.44,7954887,$39.90,$39.92,$39.23
12/27/2024,$40.03,4855001,$40.12,$40.695,$39.90
12/26/2024,$40.22,5276348,$39.99,$40.365,$39.85
12/24/2024,$40.09,3784125,$39.91,$40.18,$39.43
12/23/2024,$39.97,6718744,$39.99,$40.26,$39.6825
12/20/2024,$39.94,17715600,$38.99,$40.285,$38.8503
12/19/2024,$39.10,9553498,$40.06,$40.58,$39.09
12/18/2024,$40.15,11720490,$40.85,$41.36,$40.11
12/17/2024,$40.57,9702667,$40.30,$40.946,$40.25
12/16/2024,$40.11,8419756,$40.35,$40.69,$40.04
12/13/2024,$40.86,7579972,$41.25,$41.25,$40.4345
12/12/2024,$41.28,5738747,$41.37,$41.74,$41.23
12/11/2024,$41.50,7135910,$42.19,$42.225,$41.26
12/10/2024,$42.18,7585167,$42.40,$42.565,$41.775
12/09/2024,$42.73,12855790,$43.855,$44.04,$42.42
12/06/2024,$41.99,8619963,$42.31,$42.54,$41.73
12/05/2024,$42.19,9742450,$42.79,$43.02,$41.82
12/04/2024,$42.85,10962590,$43.55,$43.62,$42.2202
12/03/2024,$43.87,9478496,$44.40,$44.49,$43.79
12/02/2024,$44.38,7611045,$44.28,$44.55,$43.77
11/29/2024,$44.21,4339591,$43.96,$44.25,$43.6533
11/27/2024,$44.64,5700962,$44.64,$45.08,$44.56
11/26/2024,$44.54,9225343,$45.48,$45.51,$44.095
11/25/2024,$45.87,9463744,$45.82,$46.3508,$45.47
11/22/2024,$45.46,5494123,$44.76,$45.54,$44.66
11/21/2024,$44.81,6158155,$43.81,$45.14,$43.6201
11/20/2024,$43.93,4808096,$43.55,$44.03,$43.33
11/19/2024,$43.65,6289722,$43.73,$44.00,$43.35
11/18/2024,$44.22,5076831,$44.16,$44.55,$44.04
11/15/2024,$44.04,9814146,$44.57,$44.83,$44.00
11/14/2024,$44.59,5542368,$45.00,$45.1331,$44.37
11/13/2024,$44.99,6000313,$44.90,$45.119,$44.70
11/12/2024,$45.04,7101288,$46.36,$46.36,$44.91
11/11/2024,$46.27,6734720,$46.40,$46.98,$46.17
11/08/2024,$46.49,12571480,$48.59,$48.59,$46.38
11/07/2024,$48.90,20309410,$48.54,$48.92,$48.02
11/06/2024,$48.35,8862773,$49.70,$49.70,$47.975
11/05/2024,$47.90,7193452,$47.80,$47.90,$47.16
11/04/2024,$47.95,14634380,$48.30,$48.68,$47.4425
11/01/2024,$48.97,4980359,$49.50,$49.72,$48.86
10/31/2024,$49.38,4835155,$49.26,$49.64,$49.165
10/30/2024,$49.34,4775741,$49.40,$50.14,$49.14
10/29/2024,$49.48,4900634,$49.84,$49.98,$49.32
10/28/2024,$50.11,6457138,$49.84,$50.15,$49.47
10/25/2024,$49.70,5889713,$50.62,$50.73,$49.69
10/24/2024,$50.99,5804601,$52.02,$52.16,$50.72
10/23/2024,$51.49,4522291,$51.73,$51.99,$51.1209
10/22/2024,$52.07,4413690,$52.24,$52.30,$51.59
10/21/2024,$52.21,3542702,$53.15,$53.19,$52.11
10/18/2024,$53.11,2395798,$53.48,$53.48,$52.82
10/17/2024,$53.08,3894068,$53.00,$53.22,$52.735
10/16/2024,$52.94,4492882,$52.60,$53.32,$52.36
10/15/2024,$52.57,4210665,$53.30,$53.56,$52.56
10/14/2024,$53.54,2736212,$53.60,$53.83,$53.33
10/11/2024,$53.78,4288595,$53.75,$54.17,$53.70
10/10/2024,$53.62,2494177,$53.42,$54.05,$53.30
10/09/2024,$53.42,3186228,$53.08,$53.72,$52.8649
10/08/2024,$53.21,4219225,$53.75,$53.95,$53.115
10/07/2024,$54.62,3096467,$55.02,$55.135,$54.225
10/04/2024,$55.34,3443973,$55.10,$55.625,$54.9101
10/03/2024,$54.50,4066274,$54.46,$54.74,$53.90
10/02/2024,$54.68,6312715,$54.68,$55.08,$54.3922
10/01/2024,$54.54,5461505,$54.57,$54.8419,$54.16
09/30/2024,$54.63,5537862,$55.14,$55.35,$53.97
09/27/2024,$55.08,5513551,$55.00,$55.67,$54.64
09/26/2024,$54.72,5672107,$53.46,$54.76,$53.435
09/25/2024,$52.84,3863191,$53.66,$53.73,$52.54
09/24/2024,$53.45,4675838,$52.69,$53.68,$52.63
09/23/2024,$52.04,5029628,$51.87,$52.24,$51.61
09/20/2024,$51.71,8465964,$52.64,$52.80,$51.30
09/19/2024,$52.89,4746735,$52.55,$53.21,$52.2601
09/18/2024,$51.64,3428119,$51.65,$52.29,$51.3176
09/17/2024,$51.51,4029570,$50.84,$51.86,$50.71
09/16/2024,$50.66,3189490,$50.31,$51.04,$50.2775
09/13/2024,$50.15,4411763,$50.40,$51.00,$50.03
09/12/2024,$50.26,5682313,$50.68,$50.91,$49.52
09/11/2024,$50.73,3717439,$50.88,$50.97,$49.76
09/10/2024,$50.82,3196475,$51.30,$51.36,$50.495
09/09/2024,$51.30,4022422,$50.73,$51.785,$50.73
09/06/2024,$50.68,4144398,$51.25,$51.71,$50.37
09/05/2024,$51.31,4509131,$51.62,$51.73,$51.03
09/04/2024,$51.58,3775990,$51.92,$52.51,$51.368
09/03/2024,$51.93,3891551,$52.72,$53.0625,$51.815
08/30/2024,$53.58,5339331,$53.19,$53.5975,$52.805
08/29/2024,$53.86,3065854,$53.91,$54.25,$53.07
08/28/2024,$53.51,2630769,$53.35,$53.7897,$53.235
08/27/2024,$53.77,3650096,$53.89,$54.12,$53.615
08/26/2024,$54.03,2823363,$54.10,$54.56,$53.93
08/23/2024,$53.53,4901569,$53.01,$54.01,$52.90
08/22/2024,$52.56,2916177,$53.11,$53.179,$52.495
08/21/2024,$52.95,2809570,$53.00,$53.12,$52.81
08/20/2024,$52.72,4391562,$53.53,$53.55,$52.54
08/19/2024,$53.65,2095976,$54.00,$54.14,$53.57
08/16/2024,$53.91,6049293,$53.74,$53.98,$53.4028
08/15/2024,$53.87,3501579,$53.56,$54.08,$53.22
08/14/2024,$52.76,2310145,$52.84,$53.02,$52.43
08/13/2024,$52.76,2379625,$52.22,$52.86,$52.21
08/12/2024,$52.22,2555281,$52.77,$52.95,$52.115
08/09/2024,$52.66,2592733,$52.57,$52.8953,$52.06
08/08/2024,$52.67,3362734,$52.49,$52.89,$52.33
08/07/2024,$52.17,4293173,$52.92,$53.65,$52.15
08/06/2024,$52.48,5549605,$51.51,$53.2503,$51.48
08/05/2024,$51.01,5124525,$50.68,$51.33,$50.40
08/02/2024,$52.01,4981187,$52.55,$52.77,$51.55
08/01/2024,$53.28,4273232,$54.68,$55.02,$52.84
07/31/2024,$54.47,5059319,$54.15,$54.91,$54.03
07/30/2024,$53.69,4401438,$52.90,$54.01,$52.90
07/29/2024,$52.86,3314605,$53.00,$53.07,$52.54
07/26/2024,$52.86,4087414,$52.87,$53.20,$52.36
07/25/2024,$52.85,6188228,$50.78,$53.24,$50.48
07/24/2024,$53.32,3761871,$54.11,$54.31,$53.28
07/23/2024,$54.07,2477717,$54.14,$54.245,$53.60
07/22/2024,$54.42,3341713,$54.08,$54.5902,$53.74
07/19/2024,$53.90,3456505,$54.83,$54.83,$53.51
07/18/2024,$54.77,3287751,$55.08,$55.97,$54.76
07/17/2024,$55.41,4386264,$54.68,$55.59,$54.6201
07/16/2024,$54.70,3730010,$53.33,$54.79,$53.17
07/15/2024,$53.27,2396182,$53.01,$53.54,$52.685
07/12/2024,$52.91,3084339,$52.83,$53.36,$52.43
07/11/2024,$52.41,3799100,$52.01,$52.77,$51.85
07/10/2024,$51.71,5481052,$51.85,$52.14,$50.98
07/09/2024,$51.58,4381186,$52.66,$52.74,$51.535
07/08/2024,$52.80,3885612,$52.50,$52.95,$52.31
07/05/2024,$52.23,3223869,$52.58,$52.76,$51.905
07/03/2024,$52.88,1905595,$52.72,$53.21,$52.65
07/02/2024,$52.71,3847124,$52.53,$52.9199,$52.22
07/01/2024,$52.63,3715617,$53.00,$53.50,$52.3499
06/28/2024,$53.05,13623110,$52.97,$53.47,$52.95
06/27/2024,$52.96,3953016,$53.31,$53.43,$52.81
06/26/2024,$53.20,4799085,$52.65,$53.245,$52.25
06/25/2024,$53.16,7056576,$54.28,$54.30,$53.06
06/24/2024,$54.62,6987506,$54.21,$54.79,$54.11
06/21/2024,$53.99,10537510,$54.10,$54.20,$53.47
06/20/2024,$54.21,8512539,$54.90,$55.00,$54.065
06/18/2024,$55.44,6081961,$55.38,$55.84,$55.10
06/17/2024,$55.23,3243761,$55.00,$55.38,$54.57
06/14/2024,$55.02,3445987,$55.52,$56.12,$54.59
06/13/2024,$56.06,2831364,$56.03,$56.31,$55.51
06/12/2024,$56.25,3990758,$56.88,$57.22,$56.045
06/11/2024,$56.15,3276345,$55.91,$56.16,$55.51
06/10/2024,$56.05,4131556,$55.48,$56.18,$55.37
06/07/2024,$55.73,4143499,$55.37,$56.275,$55.27
06/06/2024,$55.68,3463521,$55.62,$56.00,$55.43
06/05/2024,$55.69,3945277,$55.15,$55.94,$55.03
06/04/2024,$55.15,4600589,$55.57,$55.72,$55.10
06/03/2024,$56.07,4696573,$57.55,$57.59,$55.44
05/31/2024,$57.63,5920058,$56.63,$57.75,$56.591
05/30/2024,$57.39,3180411,$57.00,$57.55,$56.98
05/29/2024,$57.00,2969532,$57.50,$57.61,$56.97
05/28/2024,$58.04,2493681,$57.90,$58.365,$57.76
05/24/2024,$57.76,2675900,$57.29,$57.82,$57.28
05/23/2024,$56.92,3423516,$57.49,$57.52,$56.82
05/22/2024,$57.60,4852018,$58.52,$58.66,$57.29
05/21/2024,$58.91,2252890,$59.18,$59.29,$58.805
05/20/2024,$59.24,1915143,$59.10,$59.45,$58.80
05/17/2024,$59.19,2668713,$59.06,$59.21,$58.70
05/16/2024,$58.70,4871335,$59.04,$59.41,$58.51
05/15/2024,$59.06,3541172,$60.04,$60.19,$58.97
05/14/2024,$59.65,3516821,$59.56,$59.94,$59.515
05/13/2024,$59.36,2257733,$59.50,$59.92,$59.23
05/10/2024,$59.41,3053627,$59.69,$60.13,$59.28
05/09/2024,$59.45,4208243,$58.75,$59.59,$58.75
05/08/2024,$58.64,4950706,$57.94,$59.33,$57.94
05/07/2024,$58.36,6215160,$57.61,$59.13,$57.37
05/06/2024,$57.34,3862633,$57.26,$57.37,$56.72
05/03/2024,$57.04,2544394,$57.19,$57.43,$56.75
05/02/2024,$56.83,4453050,$57.57,$57.76,$56.3899
05/01/2024,$57.23,5102871,$57.04,$57.95,$56.43
04/30/2024,$56.90,5566023,$57.27,$57.95,$56.88
04/29/2024,$57.80,4249776,$57.23,$57.83,$57.17
04/26/2024,$57.29,5573593,$57.65,$58.21,$57.15
04/25/2024,$56.44,7082841,$57.71,$57.90,$55.06
04/24/2024,$56.98,4954674,$56.41,$57.22,$56.38
04/23/2024,$56.74,3099345,$56.65,$57.1018,$56.45
04/22/2024,$56.99,3211574,$56.62,$57.31,$56.28
04/19/2024,$56.66,3862096,$56.49,$56.92,$56.315
04/18/2024,$56.49,3856169,$57.30,$57.30,$56.04
04/17/2024,$56.82,2815378,$57.17,$57.36,$56.67
04/16/2024,$56.86,3098033,$56.98,$57.12,$56.64
04/15/2024,$57.32,3885266,$58.23,$58.67,$56.915
04/12/2024,$57.69,3788281,$58.12,$58.62,$57.56
04/11/2024,$58.46,3432099,$58.96,$59.00,$58.29
04/10/2024,$58.85,4251898,$59.21,$59.64,$58.37
04/09/2024,$59.87,3574823,$59.95,$60.25,$59.4825
04/08/2024,$59.52,3775901,$59.95,$60.19,$59.15
04/05/2024,$59.69,3862415,$59.99,$59.99,$59.09
04/04/2024,$59.86,5382144,$60.41,$60.69,$59.645
04/03/2024,$59.99,4943209,$59.38,$60.28,$59.38
04/02/2024,$59.29,6330211,$58.33,$59.375,$58.0113
04/01/2024,$58.26,3827288,$57.86,$58.34,$57.41
03/28/2024,$57.93,4064553,$58.20,$58.44,$57.80
03/27/2024,$58.14,5126900,$57.56,$58.16,$57.43
03/26/2024,$57.07,3621593,$57.67,$57.69,$57.06
03/25/2024,$57.39,3422417,$57.77,$57.85,$57.28
03/22/2024,$57.68,3375990,$57.99,$58.21,$57.58
03/21/2024,$57.93,5870747,$58.50,$58.62,$57.555
03/20/2024,$58.17,7789651,$56.57,$58.71,$56.38
03/19/2024,$56.76,6782690,$56.71,$57.05,$56.415
03/18/2024,$56.74,7409071,$57.40,$57.41,$56.559
03/15/2024,$57.04,20629640,$57.35,$57.80,$56.94
03/14/2024,$57.32,6871552,$57.66,$57.91,$56.925
03/13/2024,$57.97,7650618,$57.86,$58.74,$57.60
03/12/2024,$57.68,4048535,$57.64,$57.86,$57.16
03/11/2024,$57.43,4438489,$56.69,$57.795,$56.55
03/08/2024,$56.61,4723658,$57.10,$57.69,$56.57
03/07/2024,$56.94,4568758,$57.37,$57.655,$56.56
03/06/2024,$56.86,4840148,$57.95,$58.10,$56.351
03/05/2024,$56.98,6093430,$56.62,$57.74,$56.62
03/04/2024,$57.02,7042209,$55.53,$57.16,$55.48
03/01/2024,$55.77,4651350,$55.87,$56.23,$55.61
02/29/2024,$55.88,6733585,$55.19,$56.04,$54.97
02/28/2024,$55.10,4432765,$55.47,$55.69,$55.01
02/27/2024,$56.27,3912951,$56.37,$56.56,$55.9507
02/26/2024,$56.07,3741571,$56.14,$56.48,$55.85
02/23/2024,$56.39,4414203,$56.03,$56.82,$56.00
02/22/2024,$56.00,5088582,$55.75,$56.185,$55.66
02/21/2024,$55.75,4067170,$54.84,$55.83,$54.76
02/20/2024,$54.71,4493926,$54.79,$55.45,$54.4465
02/16/2024,$55.48,5060894,$55.13,$55.955,$54.96
02/15/2024,$55.17,4500494,$53.91,$55.38,$53.84
02/14/2024,$53.58,3766535,$53.49,$53.89,$53.23
02/13/2024,$53.18,5105470,$54.00,$54.27,$52.60
02/12/2024,$54.79,5262776,$54.00,$55.28,$53.85
02/09/2024,$53.99,3897487,$53.79,$54.12,$53.555
02/08/2024,$53.88,3554351,$54.17,$54.2003,$53.50
02/07/2024,$54.09,3455830,$54.25,$54.39,$53.70
02/06/2024,$54.04,5213086,$53.22,$54.15,$53.05
02/05/2024,$53.16,5482053,$52.54,$53.539,$52.36
02/02/2024,$53.42,5720251,$53.09,$53.7563,$52.49
02/01/2024,$53.54,5039993,$53.91,$54.01,$52.67
01/31/2024,$53.60,5472130,$54.50,$54.56,$53.58
01/30/2024,$54.47,4641015,$53.60,$54.535,$53.50
01/29/2024,$54.07,3742436,$54.17,$54.22,$53.41
01/26/2024,$54.06,5240823,$55.00,$55.295,$53.7563
01/25/2024,$54.94,7240758,$54.76,$55.13,$53.77
01/24/2024,$53.09,6016941,$53.72,$54.13,$53.03
01/23/2024,$53.91,4668132,$54.00,$54.455,$53.745
01/22/2024,$53.56,5615698,$52.72,$53.62,$52.55
01/19/2024,$52.81,4171456,$52.69,$52.9974,$52.12
01/18/2024,$52.60,4230478,$52.58,$52.73,$52.10
01/17/2024,$52.47,3469229,$52.33,$52.62,$52.04
01/16/2024,$53.10,5962760,$53.37,$53.39,$52.27
01/12/2024,$53.37,3673569,$54.02,$54.16,$53.015
01/11/2024,$53.64,4497368,$53.24,$53.67,$52.74
01/10/2024,$53.38,4062185,$53.65,$53.93,$53.045
01/09/2024,$53.94,4287002,$54.59,$54.59,$53.78
01/08/2024,$55.08,3966156,$54.68,$55.14,$54.39
01/05/2024,$54.82,3796499,$54.03,$55.03,$53.98
01/04/2024,$54.19,4579650,$54.60,$54.99,$54.045
01/03/2024,$54.63,4119952,$54.85,$55.08,$53.95
01/02/2024,$55.33,3533532,$54.74,$55.68,$54.585
12/29/2023,$54.84,2271489,$55.10,$55.26,$54.68
12/28/2023,$55.23,2172573,$55.59,$55.7004,$55.16
12/27/2023,$55.71,2535311,$55.69,$55.8579,$55.47
12/26/2023,$55.71,2266180,$55.21,$55.895,$55.12
12/22/2023,$55.12,2341994,$55.09,$55.66,$54.85
12/21/2023,$54.97,2653927,$55.01,$55.20,$54.48
12/20/2023,$54.58,4953500,$54.78,$55.35,$54.57
12/19/2023,$54.92,3796922,$54.47,$55.02,$54.40
12/18/2023,$54.25,3219199,$54.75,$54.83,$54.00
12/15/2023,$54.24,9910007,$53.56,$54.38,$53.12
12/14/2023,$54.23,7892923,$52.88,$54.45,$52.75
12/13/2023,$52.33,4774217,$50.55,$52.405,$50.46
12/12/2023,$50.82,4350494,$51.28,$51.3623,$50.59
12/11/2023,$51.28,3582664,$50.87,$51.52,$50.76
12/08/2023,$50.92,3664115,$51.04,$51.78,$50.90
12/07/2023,$51.07,2822882,$51.11,$51.2653,$50.615
12/06/2023,$50.89,3603767,$51.44,$51.73,$50.7701
12/05/2023,$51.14,4691247,$51.74,$51.855,$50.97
12/04/2023,$52.10,6354711,$52.27,$52.77,$51.97
12/01/2023,$52.30,4274011,$51.80,$52.62,$51.57
11/30/2023,$51.75,4649814,$51.50,$51.88,$51.23
11/29/2023,$51.33,3551666,$50.99,$51.97,$50.97
11/28/2023,$51.69,6376948,$51.20,$51.97,$50.595
11/27/2023,$51.12,3896244,$51.40,$51.60,$51.02
11/24/2023,$51.67,1679728,$51.56,$51.94,$51.45
11/22/2023,$51.40,3139796,$51.75,$51.7801,$51.10
11/21/2023,$51.73,2840792,$51.69,$51.85,$51.455
11/20/2023,$51.68,3761510,$51.67,$51.89,$51.36
11/17/2023,$51.70,3306157,$51.88,$51.88,$51.25
11/16/2023,$51.44,5034303,$51.47,$51.65,$50.87
11/15/2023,$51.53,5032481,$51.19,$51.90,$50.87
11/14/2023,$51.05,4849038,$50.00,$51.49,$49.93
11/13/2023,$49.24,3161041,$49.13,$49.52,$48.905
11/10/2023,$49.48,3825237,$48.54,$49.68,$48.51
11/09/2023,$48.36,3340916,$48.75,$48.78,$48.2402
11/08/2023,$48.30,4133433,$48.54,$48.62,$47.78
11/07/2023,$48.53,5172694,$48.71,$48.87,$48.24
11/06/2023,$49.34,3641136,$49.73,$49.80,$49.14
11/03/2023,$49.73,3743982,$49.44,$50.075,$49.44
11/02/2023,$48.99,3741744,$48.58,$49.09,$48.51
11/01/2023,$48.21,4703010,$48.24,$48.425,$47.60
10/31/2023,$48.34,4660496,$48.39,$48.795,$48.11
10/30/2023,$48.34,3698613,$48.66,$49.05,$47.995
10/27/2023,$48.11,4714936,$48.02,$48.545,$47.84
10/26/2023,$48.02,6216235,$47.40,$48.28,$47.40
10/25/2023,$47.54,4920150,$48.93,$49.03,$47.26
10/24/2023,$49.24,5506665,$48.43,$49.72,$48.00
10/23/2023,$48.24,5592195,$48.77,$48.90,$48.125
10/20/2023,$48.99,3920006,$49.48,$49.57,$48.92
10/19/2023,$49.45,3754501,$49.80,$50.29,$49.385
10/18/2023,$50.08,3495270,$50.39,$50.83,$49.9301
10/17/2023,$50.73,3309336,$49.75,$51.03,$49.73
10/16/2023,$50.19,2786407,$50.33,$50.53,$49.79
10/13/2023,$49.73,3659754,$50.56,$50.71,$49.61
10/12/2023,$50.25,3012479,$51.31,$51.31,$49.75
10/11/2023,$50.89,3049743,$51.10,$51.51,$50.51
10/10/2023,$51.31,2906505,$51.13,$51.815,$51.06
10/09/2023,$50.81,3333677,$50.28,$50.90,$49.94
10/06/2023,$50.28,4215746,$49.77,$50.915,$49.53
10/05/2023,$49.86,5161751,$50.79,$51.15,$49.74
10/04/2023,$51.11,4727292,$51.48,$51.48,$50.205
10/03/2023,$51.02,5179315,$50.95,$52.05,$50.89
10/02/2023,$51.30,4690974,$51.29,$51.66,$50.74
09/29/2023,$51.56,4234790,$51.34,$51.77,$51.1901
09/28/2023,$50.93,3965266,$50.96,$51.18,$50.52
09/27/2023,$51.00,3048815,$50.85,$51.36,$50.61
09/26/2023,$50.48,3451822,$50.53,$51.265,$50.345
09/25/2023,$51.09,4331560,$50.80,$51.355,$50.44
09/22/2023,$50.25,4465872,$51.10,$51.25,$50.075
09/21/2023,$51.00,4359180,$52.05,$52.33,$50.98
09/20/2023,$52.46,2309417,$52.96,$53.49,$52.43
09/19/2023,$52.90,3986260,$53.44,$53.73,$52.3488
09/18/2023,$53.38,4593662,$53.82,$53.9499,$53.245
09/15/2023,$53.84,7464144,$54.04,$54.11,$53.615
09/14/2023,$54.04,4604325,$53.40,$54.2326,$53.29
09/13/2023,$52.82,3079128,$53.66,$53.81,$52.585
09/12/2023,$53.63,2527562,$53.67,$54.22,$53.455
09/11/2023,$53.67,3322604,$54.14,$54.89,$53.62
09/08/2023,$53.71,3988432,$54.31,$54.78,$53.60
09/07/2023,$54.10,4275541,$54.75,$54.94,$53.52
09/06/2023,$54.89,4645057,$53.96,$54.93,$53.92
09/05/2023,$54.19,4914098,$55.18,$55.40,$53.985
09/01/2023,$55.29,4335687,$55.03,$55.56,$54.76
08/31/2023,$54.56,4116381,$54.64,$54.90,$54.52
08/30/2023,$54.75,3482825,$54.56,$54.90,$54.34
08/29/2023,$55.24,3789488,$54.79,$55.285,$54.49
08/28/2023,$54.60,3429703,$54.16,$54.88,$54.15
08/25/2023,$53.98,3282768,$53.98,$54.38,$53.645
08/24/2023,$53.54,3198503,$53.00,$53.89,$53.00
08/23/2023,$53.40,3391339,$53.65,$53.95,$52.81
08/22/2023,$53.79,2746001,$54.30,$54.48,$53.525
08/21/2023,$54.17,3112742,$54.25,$54.40,$53.82
08/18/2023,$54.02,2921107,$53.76,$54.13,$53.44
08/17/2023,$53.86,3614874,$53.77,$54.66,$53.70
08/16/2023,$53.32,3549131,$53.19,$53.76,$53.09
08/15/2023,$53.53,5280364,$54.70,$55.17,$53.4219
08/14/2023,$55.38,3637176,$55.34,$55.54,$54.82
08/11/2023,$55.45,4547033,$55.70,$55.995,$55.271
08/10/2023,$55.98,5146998,$55.90,$56.23,$55.62
08/09/2023,$55.54,4619654,$55.42,$56.035,$54.86
08/08/2023,$55.01,3607409,$54.72,$55.12,$54.26
08/07/2023,$55.52,3263527,$54.87,$55.82,$54.84
08/04/2023,$54.51,3626313,$54.96,$55.45,$54.445
08/03/2023,$54.90,4630375,$54.36,$55.73,$54.36
08/02/2023,$54.70,4499120,$55.06,$55.49,$54.67
08/01/2023,$55.78,5565897,$56.25,$56.42,$55.54
07/31/2023,$56.47,6387760,$55.53,$56.49,$55.45
07/28/2023,$55.46,4561204,$55.46,$55.87,$55.155
07/27/2023,$54.94,8079560,$54.10,$55.03,$53.80
07/26/2023,$53.70,7582034,$53.25,$53.96,$53.20
07/25/2023,$53.48,9077431,$52.94,$55.145,$52.85
07/24/2023,$52.55,6687890,$53.17,$53.36,$52.255
07/21/2023,$53.05,4095338,$53.10,$53.18,$52.60
07/20/2023,$53.05,3751907,$53.32,$53.34,$52.60
07/19/2023,$52.82,3731780,$52.84,$53.04,$52.53
07/18/2023,$52.98,4815807,$52.43,$53.355,$52.38
07/17/2023,$52.43,4318450,$52.54,$52.685,$52.17
07/14/2023,$52.92,3885665,$54.01,$54.06,$52.75
07/13/2023,$54.21,3291962,$54.19,$54.45,$53.80
07/12/2023,$54.11,5983992,$54.36,$54.66,$53.17
07/11/2023,$53.42,3470766,$53.50,$53.90,$53.37
07/10/2023,$53.27,3663130,$52.77,$53.67,$52.675
07/07/2023,$53.10,5400350,$52.42,$53.94,$52.32
07/06/2023,$52.77,5552966,$52.29,$52.875,$51.76
07/05/2023,$52.84,5878283,$53.18,$53.44,$52.52
07/03/2023,$53.78,2228479,$53.25,$53.99,$53.23
06/30/2023,$53.26,4158062,$53.58,$53.59,$52.99
06/29/2023,$53.24,2559355,$52.95,$53.37,$52.69
06/28/2023,$52.96,3364817,$52.57,$52.97,$51.87
06/27/2023,$52.57,3176280,$51.93,$52.62,$51.6201
06/26/2023,$51.95,3073878,$51.43,$52.225,$51.30
06/23/2023,$51.36,3703199,$50.73,$51.50,$50.26
06/22/2023,$51.39,4734283,$50.42,$51.49,$50.20
06/21/2023,$51.88,3591413,$51.68,$52.4895,$51.26
06/20/2023,$51.92,5084332,$52.32,$52.44,$51.24
06/16/2023,$53.16,9536099,$53.30,$53.31,$52.60
06/15/2023,$53.48,3283577,$52.74,$53.74,$52.58
06/14/2023,$52.81,3319848,$53.56,$53.86,$52.505
06/13/2023,$53.14,4273630,$52.15,$53.55,$51.98
06/12/2023,$51.80,3888781,$51.80,$52.31,$51.36
06/09/2023,$51.74,5478090,$52.42,$52.68,$51.635
06/08/2023,$52.78,5094630,$54.11,$54.34,$52.25
06/07/2023,$53.87,6453715,$52.82,$53.95,$52.72
06/06/2023,$52.59,7378361,$51.11,$52.88,$51.07
06/05/2023,$51.50,5567377,$51.69,$52.365,$51.47
06/02/2023,$51.61,7786811,$50.11,$51.68,$50.01
06/01/2023,$49.00,4573854,$49.00,$49.345,$48.51
05/31/2023,$48.78,8465214,$49.13,$49.37,$48.34
05/30/2023,$49.50,5222783,$49.53,$49.745,$48.90
05/26/2023,$50.34,3513139,$50.73,$50.79,$50.2501
05/25/2023,$50.37,4688161,$51.00,$51.12,$49.965
05/24/2023,$51.32,3162638,$52.11,$52.11,$51.19
05/23/2023,$51.96,3611374,$51.77,$52.32,$51.45
05/22/2023,$51.77,3478366,$52.02,$52.21,$51.54
05/19/2023,$51.95,3747363,$52.25,$52.34,$51.61
05/18/2023,$51.87,4451856,$51.23,$52.005,$50.85
05/17/2023,$51.48,4777443,$51.32,$51.84,$51.089
05/16/2023,$51.06,4611159,$52.01,$52.10,$50.98
05/15/2023,$52.26,3774762,$52.62,$52.66,$51.75
05/12/2023,$52.31,3260208,$52.55,$52.74,$52.055
05/11/2023,$52.34,5499626,$53.00,$53.01,$51.94
05/10/2023,$53.45,3888226,$54.28,$54.575,$52.85
05/09/2023,$53.67,3285273,$53.89,$53.94,$53.47
05/08/2023,$54.15,2725321,$54.42,$54.91,$54.01
05/05/2023,$54.41,4145354,$54.26,$54.58,$53.83
05/04/2023,$53.36,3899887,$52.90,$53.41,$52.27
05/03/2023,$53.00,3343012,$53.75,$54.17,$52.91
05/02/2023,$53.78,4205962,$53.50,$53.89,$52.58
05/01/2023,$54.11,4013174,$54.46,$54.62,$53.825
04/28/2023,$54.40,6014443,$53.24,$54.91,$53.17
04/27/2023,$53.50,3910815,$52.64,$53.52,$52.355
04/26/2023,$52.58,5952624,$52.27,$53.15,$52.21
04/25/2023,$52.50,8369814,$54.46,$55.00,$52.50
04/24/2023,$55.39,5039595,$55.14,$55.40,$54.78
04/21/2023,$54.87,4179585,$55.36,$55.48,$54.705
04/20/2023,$55.70,3334742,$55.80,$56.165,$55.365
04/19/2023,$56.44,3828096,$56.40,$56.5875,$55.84
04/18/2023,$56.78,3354703,$57.01,$57.24,$56.385
04/17/2023,$56.90,2874430,$56.68,$56.945,$56.41
04/14/2023,$56.50,3395037,$57.05,$57.4374,$56.25
04/13/2023,$56.92,5147640,$56.62,$57.16,$56.08
04/12/2023,$56.89,4679710,$57.45,$57.74,$56.795
04/11/2023,$56.19,4411093,$56.06,$56.74,$56.00
04/10/2023,$55.81,4046642,$55.00,$55.81,$54.97
04/06/2023,$54.66,5022121,$54.38,$55.06,$54.21
04/05/2023,$54.64,3959829,$53.65,$54.68,$53.45
04/04/2023,$54.26,5014688,$55.09,$55.28,$53.995
04/03/2023,$55.33,6588845,$55.22,$56.11,$55.015
03/31/2023,$54.82,4410842,$54.17,$54.89,$53.96
03/30/2023,$54.00,3643754,$54.25,$54.30,$53.58
03/29/2023,$53.60,3710503,$53.76,$53.85,$53.16
03/28/2023,$52.91,3083608,$52.17,$52.96,$52.12
03/27/2023,$52.00,4327969,$52.25,$52.70,$51.905
03/24/2023,$51.78,4338513,$50.85,$51.93,$50.45
03/23/2023,$51.65,4781112,$51.48,$52.94,$51.155
03/22/2023,$51.38,4523961,$52.07,$52.6579,$51.335
03/21/2023,$52.06,4277429,$52.42,$52.59,$51.575
03/20/2023,$51.26,5403214,$50.67,$51.41,$50.6179
03/17/2023,$50.02,11631960,$50.70,$50.84,$49.70
03/16/2023,$50.91,6857017,$49.60,$50.98,$49.20
03/15/2023,$50.48,8006226,$51.03,$51.03,$49.67
03/14/2023,$52.29,8450387,$53.27,$53.7398,$51.595
03/13/2023,$52.40,8481315,$52.95,$53.24,$51.99
03/10/2023,$53.88,5398974,$55.16,$55.18,$53.315
03/09/2023,$55.10,4566235,$56.33,$56.67,$54.955
03/08/2023,$56.26,4232766,$56.21,$56.8699,$56.09
03/07/2023,$55.80,5499227,$56.88,$57.20,$55.54
03/06/2023,$57.11,4841238,$58.01,$58.25,$56.77
03/03/2023,$58.32,3463659,$58.56,$58.75,$57.795
03/02/2023,$58.44,3992544,$57.76,$58.6463,$57.35
03/01/2023,$58.02,4535117,$57.29,$58.655,$57.23
02/28/2023,$57.20,5835329,$57.12,$57.51,$56.87
02/27/2023,$56.99,5443085,$57.38,$57.64,$56.80
02/24/2023,$57.79,4831942,$56.36,$57.875,$56.06
02/23/2023,$57.19,4154221,$57.41,$57.72,$56.33
02/22/2023,$57.01,3735533,$56.78,$57.435,$56.70
02/21/2023,$56.84,6615691,$57.70,$57.88,$56.70
02/17/2023,$58.13,4317163,$58.26,$58.505,$57.7399
02/16/2023,$58.68,4302242,$58.97,$59.385,$58.29
02/15/2023,$59.76,2357602,$59.31,$59.76,$59.02
02/14/2023,$59.76,3749130,$60.04,$60.04,$59.01
02/13/2023,$60.32,3520600,$59.82,$60.415,$59.62
02/10/2023,$59.82,3826315,$59.00,$59.84,$58.71
02/09/2023,$59.08,3874709,$60.52,$60.71,$58.855
02/08/2023,$59.81,3410452,$60.20,$60.51,$59.56
02/07/2023,$60.51,4777474,$60.07,$60.875,$59.68
02/06/2023,$60.09,4658746,$60.00,$60.30,$59.30
02/03/2023,$60.00,3961018,$59.60,$60.2428,$59.41
02/02/2023,$59.95,4726171,$60.07,$60.42,$59.5359
02/01/2023,$60.22,5645064,$59.28,$60.715,$58.80
01/31/2023,$59.35,5739125,$58.07,$59.45,$57.82
01/30/2023,$57.95,4824738,$58.63,$59.235,$57.80
01/27/2023,$58.97,6773311,$58.04,$59.33,$57.81
01/26/2023,$58.12,8002589,$56.66,$58.57,$55.83
01/25/2023,$57.89,5491505,$57.36,$57.975,$56.85
01/24/2023,$58.20,5262520,$57.71,$58.46,$57.17
01/23/2023,$58.04,5213727,$57.43,$58.40,$57.215
01/20/2023,$57.44,6712560,$56.73,$57.555,$56.32
01/19/2023,$56.60,4997532,$56.57,$56.99,$55.85
01/18/2023,$56.84,5641481,$58.02,$58.35,$56.77
01/17/2023,$57.40,5948393,$58.31,$58.48,$57.26
01/13/2023,$58.68,4041164,$58.00,$58.775,$57.79
01/12/2023,$58.52,7305984,$57.96,$58.798,$57.50
01/11/2023,$57.58,8926294,$57.31,$57.89,$57.02
01/10/2023,$56.47,6611676,$55.41,$56.58,$55.30
01/09/2023,$55.28,6510932,$55.04,$56.19,$54.82
01/06/2023,$55.02,6100724,$53.64,$55.235,$53.32
01/05/2023,$52.91,4803038,$52.02,$52.98,$51.52
01/04/2023,$52.33,4527851,$51.66,$52.505,$51.40
01/03/2023,$51.04,3962601,$50.60,$51.15,$50.31
12/30/2022,$50.39,2700277,$50.26,$50.531,$49.98
12/29/2022,$50.65,2743492,$50.07,$50.8022,$50.00
12/28/2022,$49.99,3340288,$51.17,$51.35,$49.905
12/27/2022,$51.19,3094558,$50.91,$51.22,$50.75
12/23/2022,$50.86,2634437,$50.20,$50.9112,$49.95
12/22/2022,$50.17,3342660,$50.16,$50.25,$49.145
12/21/2022,$50.67,3840494,$50.16,$50.93,$50.07
12/20/2022,$49.66,4003416,$49.35,$50.005,$49.35
12/19/2022,$49.33,4674694,$49.81,$50.315,$48.76
12/16/2022,$49.80,8969096,$49.22,$49.97,$48.88
12/15/2022,$49.53,6190299,$50.46,$50.5615,$49.36
12/14/2022,$51.36,4064268,$51.50,$52.0477,$50.97
12/13/2022,$51.56,4884133,$52.50,$52.83,$51.295
12/12/2022,$51.11,5208241,$50.32,$51.13,$49.84
12/09/2022,$50.20,3807000,$50.51,$51.40,$50.12
12/08/2022,$50.56,3815898,$51.18,$51.43,$50.31
12/07/2022,$50.70,4248704,$50.82,$51.3393,$50.255
12/06/2022,$51.05,4373389,$51.45,$51.865,$50.57
12/05/2022,$51.25,5109972,$51.46,$51.94,$50.99
12/02/2022,$51.55,4858349,$50.47,$51.70,$50.43
12/01/2022,$51.07,4757348,$51.25,$51.5103,$50.80
11/30/2022,$50.97,7194164,$50.52,$50.97,$49.3779
11/29/2022,$50.65,4905048,$50.25,$50.825,$49.88
11/28/2022,$50.20,5658665,$50.85,$51.155,$49.94
11/25/2022,$51.56,1648145,$51.50,$51.82,$51.42
11/23/2022,$51.55,3354772,$51.29,$51.74,$51.14
11/22/2022,$51.57,4495575,$50.99,$51.78,$50.87
11/21/2022,$50.17,5719820,$49.44,$50.67,$48.58
11/18/2022,$50.07,3751561,$50.49,$50.52,$49.36
11/17/2022,$50.13,3620352,$49.65,$50.15,$49.19
11/16/2022,$50.51,4294851,$51.15,$51.22,$50.215
11/15/2022,$51.60,4445738,$52.41,$52.70,$51.14
11/14/2022,$51.95,5484386,$52.47,$52.895,$51.86
11/11/2022,$53.14,9009788,$51.00,$53.44,$50.90
11/10/2022,$49.96,6591988,$49.45,$50.02,$49.12
11/09/2022,$47.68,5089935,$49.35,$49.39,$47.57
11/08/2022,$49.65,4739656,$49.89,$50.35,$49.45
11/07/2022,$49.50,5848974,$48.99,$49.53,$48.31
11/04/2022,$49.03,10593270,$48.27,$49.88,$48.13
11/03/2022,$46.49,5122343,$46.27,$46.97,$45.97
11/02/2022,$46.93,7313946,$46.86,$48.62,$46.775
11/01/2022,$46.93,4892382,$47.42,$47.57,$46.75
10/31/2022,$46.74,6434024,$47.48,$47.8215,$46.625
10/28/2022,$47.48,6943166,$47.20,$47.77,$46.81
10/27/2022,$47.62,4524379,$48.12,$48.485,$47.47
10/26/2022,$47.99,6021020,$48.00,$48.55,$47.89
10/25/2022,$47.85,5202539,$46.71,$47.94,$46.535
10/24/2022,$47.04,5645709,$46.89,$47.31,$46.33
10/21/2022,$46.87,7483602,$45.02,$46.92,$44.95
10/20/2022,$44.93,9259900,$45.39,$47.63,$44.90
10/19/2022,$45.13,8371466,$46.24,$46.60,$45.09
10/18/2022,$46.38,8009127,$46.28,$46.94,$45.375
10/17/2022,$45.26,6195320,$45.91,$46.07,$44.995
10/14/2022,$45.12,5889170,$46.29,$46.40,$44.735
10/13/2022,$45.92,8304877,$43.00,$46.50,$42.91
10/12/2022,$43.81,4982535,$43.94,$44.2297,$43.54
10/11/2022,$43.95,5222747,$44.28,$44.79,$43.42
10/10/2022,$44.88,4686103,$44.98,$45.44,$44.56
10/07/2022,$44.41,5265099,$45.05,$45.44,$44.20
10/06/2022,$45.52,5430693,$45.70,$46.10,$45.315
10/05/2022,$46.06,5564652,$45.92,$46.44,$45.51
10/04/2022,$46.62,6959794,$45.80,$46.73,$45.625
10/03/2022,$45.28,6868743,$44.94,$45.74,$44.45
09/30/2022,$43.93,5869756,$44.17,$44.84,$43.80
09/29/2022,$44.16,4905664,$44.50,$44.69,$43.49
09/28/2022,$45.05,8315425,$44.08,$45.51,$43.91
09/27/2022,$43.79,5444885,$43.94,$44.17,$43.2747
09/26/2022,$43.39,5497614,$43.52,$44.26,$43.16
09/23/2022,$43.90,6729595,$44.00,$44.20,$43.04
09/22/2022,$44.77,4652927,$45.28,$45.55,$44.75
09/21/2022,$44.98,5819128,$46.42,$46.59,$44.97
09/20/2022,$46.09,4996045,$45.95,$46.28,$45.37
09/19/2022,$46.74,4900427,$45.64,$46.88,$45.47
09/16/2022,$46.42,10058990,$46.01,$46.80,$45.41
09/15/2022,$46.91,6535487,$47.10,$47.76,$46.69
09/14/2022,$47.07,11484350,$47.61,$47.87,$46.38
09/13/2022,$47.87,9104318,$48.75,$49.62,$47.555
09/12/2022,$50.93,5042809,$51.29,$51.79,$50.80
09/09/2022,$50.51,6265662,$50.23,$50.715,$50.02
09/08/2022,$49.40,5964055,$48.49,$49.51,$47.95
09/07/2022,$48.97,6517456,$48.34,$49.245,$48.03
09/06/2022,$48.59,8104844,$49.90,$50.08,$48.34
09/02/2022,$49.31,5125300,$50.53,$50.76,$48.905
09/01/2022,$49.96,6378525,$50.46,$50.49,$49.14
08/31/2022,$51.00,6069609,$51.24,$51.64,$50.58
08/30/2022,$51.38,7452178,$52.83,$52.96,$51.26
08/29/2022,$53.57,9304869,$53.00,$54.01,$52.54
08/26/2022,$54.46,5777736,$55.98,$56.37,$54.26
08/25/2022,$55.76,5736180,$54.83,$55.79,$54.757
08/24/2022,$54.24,6957246,$55.50,$55.64,$54.08
08/23/2022,$55.62,3894509,$54.66,$55.76,$54.53
08/22/2022,$54.41,6342710,$54.49,$54.6977,$53.90
08/19/2022,$55.49,3517928,$55.68,$55.92,$55.15
08/18/2022,$56.02,3561483,$55.72,$56.225,$55.42
08/17/2022,$55.46,4197959,$55.52,$55.91,$55.01
08/16/2022,$56.11,3925907,$55.36,$56.425,$55.34
08/15/2022,$55.34,5991740,$55.48,$55.50,$54.86
08/12/2022,$55.93,4389097,$55.33,$55.94,$55.31
08/11/2022,$55.26,5066165,$54.76,$55.72,$54.76
08/10/2022,$54.04,5998593,$53.85,$54.655,$53.81
08/09/2022,$52.72,4338954,$52.15,$52.85,$52.11
08/08/2022,$52.15,4511550,$51.88,$52.76,$51.80
08/05/2022,$51.49,5954500,$50.77,$51.77,$50.73
08/04/2022,$50.99,6963729,$51.31,$51.70,$50.86
08/03/2022,$51.49,5139265,$52.00,$52.00,$51.3357
08/02/2022,$51.55,5797806,$52.30,$52.67,$51.54
08/01/2022,$52.46,5913393,$52.58,$52.60,$51.43
07/29/2022,$53.21,9754287,$52.76,$53.795,$52.47
07/28/2022,$52.30,6137925,$52.45,$52.91,$51.76
07/27/2022,$52.24,4327987,$51.44,$52.4786,$51.21
07/26/2022,$51.30,4130858,$51.17,$51.80,$50.95
07/25/2022,$51.58,5933231,$51.17,$51.97,$51.03
07/22/2022,$50.85,5074833,$51.50,$51.81,$50.44
07/21/2022,$51.40,10059730,$50.57,$51.44,$49.95
07/20/2022,$52.55,5977727,$52.45,$52.67,$51.81
07/19/2022,$52.45,6999396,$51.15,$52.81,$51.08
07/18/2022,$50.47,4839000,$50.42,$51.05,$50.20
07/15/2022,$49.55,4810114,$49.73,$50.24,$49.17
07/14/2022,$48.90,4969513,$48.74,$49.07,$48.27
07/13/2022,$49.67,6071487,$50.00,$50.21,$49.03
07/12/2022,$50.42,6068243,$50.89,$51.565,$50.25
07/11/2022,$51.01,3919776,$50.74,$51.35,$50.51
07/08/2022,$51.38,4226891,$52.43,$52.88,$51.305
07/07/2022,$52.28,5507764,$52.14,$52.81,$51.74
07/06/2022,$51.18,5657033,$50.62,$51.25,$50.035
07/05/2022,$50.73,5892037,$50.77,$50.82,$49.355
07/01/2022,$51.69,5255114,$50.91,$52.04,$49.90
06/30/2022,$51.61,5847983,$51.16,$52.14,$50.85
06/29/2022,$51.98,4392792,$52.71,$53.01,$51.28
06/28/2022,$52.53,5169647,$52.80,$54.15,$52.345
06/27/2022,$52.22,7507333,$52.90,$53.30,$51.97
06/24/2022,$53.14,9108956,$51.51,$53.80,$51.19
06/23/2022,$51.06,9661964,$52.25,$52.6499,$50.42
06/22/2022,$52.34,10386780,$52.30,$52.79,$51.57
06/21/2022,$54.95,6391653,$56.34,$56.69,$54.91
06/17/2022,$54.77,12735780,$55.16,$55.96,$53.97
06/16/2022,$55.42,7641766,$55.67,$55.97,$54.65
06/15/2022,$57.41,6387882,$59.02,$59.66,$56.765
06/14/2022,$58.56,7128918,$58.28,$59.13,$57.4601
06/13/2022,$58.68,8509252,$60.49,$60.58,$57.97
06/10/2022,$61.87,6454897,$65.01,$65.08,$61.86
06/09/2022,$65.86,3113574,$66.90,$67.015,$65.81
06/08/2022,$67.24,3200919,$67.06,$67.81,$66.85
06/07/2022,$67.37,4874038,$66.76,$67.46,$66.42
06/06/2022,$67.07,3117322,$67.04,$67.61,$66.67
06/03/2022,$67.03,4966757,$67.59,$68.1599,$66.68
06/02/2022,$68.10,4605703,$68.43,$68.97,$67.10
06/01/2022,$68.11,5958108,$68.65,$69.788,$67.995
05/31/2022,$67.98,7876019,$68.64,$68.7504,$67.615
05/27/2022,$69.06,4784297,$67.59,$69.07,$67.32
05/26/2022,$67.84,5732847,$67.17,$68.29,$66.91
05/25/2022,$67.30,6265070,$66.71,$67.68,$66.40
05/24/2022,$67.07,4664360,$67.20,$67.39,$65.47
05/23/2022,$67.49,6582289,$67.80,$68.13,$66.84
05/20/2022,$68.11,5232192,$68.88,$69.73,$66.87
05/19/2022,$68.76,4988376,$68.31,$69.57,$67.80
05/18/2022,$68.91,4623909,$69.41,$70.38,$68.495
05/17/2022,$69.97,4502627,$69.61,$70.2914,$68.90
05/16/2022,$67.98,4028344,$67.31,$68.5955,$66.68
05/13/2022,$67.56,3924502,$67.50,$68.32,$67.26
05/12/2022,$67.04,6035696,$66.53,$67.39,$65.665
05/11/2022,$66.79,5683317,$66.40,$68.50,$65.82
05/10/2022,$65.81,7885807,$67.43,$67.85,$65.28
05/09/2022,$66.63,7266931,$66.84,$67.81,$66.47
05/06/2022,$67.93,5807753,$68.07,$68.37,$66.65
05/05/2022,$68.47,6530571,$70.26,$70.36,$67.53
05/04/2022,$70.61,5589753,$68.82,$70.78,$68.43
05/03/2022,$68.15,4599474,$67.12,$68.33,$67.06
05/02/2022,$67.06,7250151,$67.15,$67.31,$65.81
04/29/2022,$66.50,6499774,$68.12,$68.715,$66.31
04/28/2022,$67.81,5533819,$68.04,$68.04,$66.11
04/27/2022,$67.45,5412343,$68.12,$68.33,$67.051
04/26/2022,$67.37,6612794,$68.24,$68.98,$67.35
04/25/2022,$68.07,7252142,$67.41,$68.34,$65.53
04/22/2022,$68.50,7439380,$70.07,$71.23,$68.24
04/21/2022,$69.51,10282450,$69.00,$71.86,$68.89
04/20/2022,$67.54,5021474,$67.07,$68.17,$67.04
04/19/2022,$67.05,5292467,$66.03,$67.35,$65.91
04/18/2022,$65.88,4959149,$65.49,$66.48,$65.30
04/14/2022,$65.49,7000362,$64.49,$66.00,$64.39
04/13/2022,$64.16,3465594,$63.49,$64.23,$63.22
04/12/2022,$63.26,4137275,$62.51,$63.75,$62.29
04/11/2022,$61.95,2760390,$61.35,$62.62,$61.15
04/08/2022,$61.68,3913900,$61.77,$62.28,$61.32
04/07/2022,$61.25,4644847,$61.80,$61.80,$60.03
04/06/2022,$61.67,4977031,$63.21,$63.29,$61.29
04/05/2022,$63.49,3432473,$64.00,$64.64,$63.41
04/04/2022,$64.01,3650011,$64.51,$64.51,$63.32
04/01/2022,$64.18,3317188,$64.29,$64.93,$63.44
03/31/2022,$63.72,4302089,$64.15,$64.785,$63.71
03/30/2022,$64.26,3145899,$64.48,$64.94,$64.03
03/29/2022,$64.19,4225668,$63.95,$64.32,$62.82
03/28/2022,$64.11,3879358,$64.30,$64.55,$63.04
03/25/2022,$64.70,3963533,$64.09,$64.73,$63.84
03/24/2022,$64.09,3611574,$63.76,$64.20,$63.41
03/23/2022,$63.30,2936341,$63.40,$63.84,$63.0201
03/22/2022,$63.55,5136726,$64.00,$64.53,$63.24
03/21/2022,$63.34,4836460,$63.12,$63.72,$62.53
03/18/2022,$62.39,9510933,$62.23,$63.43,$61.805
03/17/2022,$62.84,9420575,$59.38,$62.88,$59.14
03/16/2022,$59.64,6154914,$59.16,$60.15,$58.72
03/15/2022,$58.87,8354434,$59.87,$60.265,$57.62
03/14/2022,$60.28,5836192,$61.37,$62.03,$59.77
03/11/2022,$60.91,6140222,$61.06,$62.49,$60.87
03/10/2022,$60.63,5420965,$59.24,$61.04,$59.23
03/09/2022,$59.80,7484736,$59.25,$60.90,$58.94
03/08/2022,$57.84,6583613,$58.11,$59.22,$57.62
03/07/2022,$57.98,6987756,$58.75,$59.11,$57.645
03/04/2022,$58.83,5870803,$58.40,$58.875,$57.83
03/03/2022,$59.67,4514837,$59.29,$59.94,$58.7401
03/02/2022,$59.20,6499750,$57.55,$59.79,$57.51
03/01/2022,$57.13,7668079,$59.12,$59.305,$56.27
02/28/2022,$58.96,6438344,$58.32,$59.18,$58.01
02/25/2022,$59.65,5445243,$58.42,$60.145,$58.32
02/24/2022,$58.72,8108464,$58.89,$58.97,$57.52
02/23/2022,$59.97,5155144,$60.87,$61.19,$59.875
02/22/2022,$60.30,5663976,$60.92,$61.04,$59.94
02/18/2022,$60.59,5078896,$60.75,$61.32,$60.19
02/17/2022,$61.17,3927767,$61.36,$62.105,$60.625
02/16/2022,$62.08,5613614,$61.65,$62.91,$61.62
02/15/2022,$61.86,4076888,$60.82,$62.01,$60.71
02/14/2022,$60.83,4471998,$61.10,$61.37,$60.125
02/11/2022,$61.09,6042091,$60.80,$61.91,$60.35
02/10/2022,$60.95,6537194,$61.89,$62.46,$60.71
02/09/2022,$61.99,5515879,$61.49,$62.23,$61.25
02/08/2022,$61.09,5595518,$60.38,$61.17,$60.38
02/07/2022,$59.91,6214368,$60.93,$61.10,$59.73
02/04/2022,$60.60,4995139,$61.20,$61.72,$60.54
02/03/2022,$61.21,5363825,$61.50,$62.445,$61.155
02/02/2022,$61.66,5463397,$61.71,$62.49,$61.12
02/01/2022,$61.81,6659399,$59.80,$61.99,$59.70
01/31/2022,$59.73,8056096,$59.50,$60.05,$58.28
01/28/2022,$60.04,6971881,$60.71,$61.10,$59.07
01/27/2022,$60.18,11666350,$58.74,$61.29,$58.74
01/26/2022,$57.22,6126011,$57.43,$58.25,$56.65
01/25/2022,$57.18,5644149,$55.89,$57.46,$54.6393
01/24/2022,$56.62,8873378,$55.70,$56.82,$54.60
01/21/2022,$56.72,6189453,$57.68,$57.77,$56.54
01/20/2022,$57.81,5765667,$59.90,$60.05,$57.77
01/19/2022,$59.84,4351087,$60.76,$60.92,$59.39
01/18/2022,$60.20,4799580,$60.76,$61.1486,$59.57
01/14/2022,$60.74,6795305,$59.71,$60.83,$59.29
01/13/2022,$59.94,4482598,$59.30,$60.2266,$59.2074
01/12/2022,$59.26,3742360,$59.515,$60.14,$58.89
01/11/2022,$59.18,5720389,$59.05,$59.47,$58.41
01/10/2022,$58.40,5544298,$58.84,$59.30,$57.985
01/07/2022,$59.10,4633224,$58.63,$59.515,$58.43
01/06/2022,$58.24,5820763,$58.49,$58.86,$57.24
01/05/2022,$58.35,6706303,$58.79,$59.59,$58.315
01/04/2022,$58.41,9067952,$57.25,$58.70,$57.10
01/03/2022,$56.87,5235781,$57.20,$57.90,$56.79
12/31/2021,$56.72,3093869,$56.84,$56.9905,$56.295
12/30/2021,$56.78,3678731,$57.20,$57.83,$56.725
12/29/2021,$57.06,3580902,$56.67,$57.11,$56.56
12/28/2021,$56.63,4749871,$56.01,$57.00,$55.91
12/27/2021,$55.87,3249034,$55.31,$55.89,$55.17
12/23/2021,$55.14,6240414,$54.50,$55.7032,$54.35
12/22/2021,$54.23,3729561,$54.12,$54.38,$53.64
12/21/2021,$54.20,4421997,$54.17,$54.81,$53.90
12/20/2021,$53.51,6250974,$53.10,$53.59,$52.47
12/17/2021,$54.10,10400000,$54.53,$54.665,$53.38
12/16/2021,$54.60,5605880,$54.43,$55.36,$54.27
12/15/2021,$54.04,4955167,$53.79,$54.07,$52.8597
12/14/2021,$53.88,4048860,$53.25,$54.50,$53.1377
12/13/2021,$53.32,5398761,$54.46,$54.65,$53.0671
12/10/2021,$54.68,3628582,$55.15,$55.26,$54.285
12/09/2021,$54.39,5607722,$54.24,$54.58,$53.725
12/08/2021,$54.91,5013675,$55.31,$55.48,$54.78
12/07/2021,$54.86,5806937,$54.45,$55.38,$54.27
12/06/2021,$53.88,6066355,$54.36,$54.7184,$53.84
12/03/2021,$53.07,6969330,$53.00,$53.8199,$52.73
12/02/2021,$53.18,7333262,$52.50,$53.475,$52.07
12/01/2021,$52.76,9123937,$55.49,$55.80,$52.70
11/30/2021,$54.93,10398190,$56.26,$56.49,$54.41
11/29/2021,$56.86,4564444,$57.90,$58.38,$56.38
11/26/2021,$57.60,4317492,$56.64,$57.77,$55.98
11/24/2021,$58.63,3307108,$58.90,$59.37,$58.59
11/23/2021,$59.18,5280023,$59.34,$59.72,$58.83
11/22/2021,$58.79,5310320,$57.56,$59.29,$57.41
11/19/2021,$57.34,7425308,$57.45,$57.52,$56.03
11/18/2021,$57.98,3801860,$58.35,$58.37,$57.67
11/17/2021,$58.34,3342386,$58.68,$58.98,$58.17
11/16/2021,$58.86,4004669,$59.97,$59.99,$58.84
11/15/2021,$59.92,3470443,$60.50,$60.82,$59.78
11/12/2021,$60.06,3499439,$59.79,$60.55,$59.46
11/11/2021,$59.68,4140414,$59.08,$59.98,$59.02
11/10/2021,$58.76,5104029,$58.84,$59.29,$58.49
11/09/2021,$58.79,4447809,$58.54,$59.12,$58.395
11/08/2021,$58.57,4894141,$58.93,$59.68,$58.295
11/05/2021,$58.31,4979097,$57.24,$58.745,$57.24
11/04/2021,$57.17,9047906,$59.00,$59.015,$56.795
11/03/2021,$59.05,6234335,$58.49,$59.585,$58.09
11/02/2021,$58.47,5929491,$57.64,$58.74,$57.24
11/01/2021,$57.44,7561994,$56.01,$57.98,$56.01
10/29/2021,$55.97,5894889,$56.13,$56.65,$55.66
10/28/2021,$56.57,5974358,$56.25,$56.86,$56.21
10/27/2021,$56.00,11512730,$58.58,$58.58,$55.90
10/26/2021,$58.71,6875227,$58.71,$59.76,$58.1801
10/25/2021,$58.71,6293204,$59.24,$59.535,$58.61
10/22/2021,$58.40,5889477,$59.64,$60.19,$58.38
10/21/2021,$59.26,8916567,$60.07,$61.17,$57.96
10/20/2021,$59.89,5875321,$59.16,$60.6075,$58.9412
10/19/2021,$59.19,3650874,$59.09,$59.27,$58.54
10/18/2021,$58.95,4660432,$57.70,$59.39,$57.60
10/15/2021,$58.96,4288162,$59.47,$59.73,$58.84
10/14/2021,$58.74,6430634,$57.43,$58.78,$57.14
10/13/2021,$56.91,7691227,$57.92,$58.05,$56.65
10/12/2021,$57.74,5443834,$58.02,$58.37,$57.50
10/11/2021,$58.23,4139030,$59.25,$59.78,$58.21
10/08/2021,$58.71,4260182,$58.81,$59.29,$58.40
10/07/2021,$58.51,7235870,$57.89,$59.47,$57.79
10/06/2021,$57.16,8699078,$58.36,$58.57,$56.30
10/05/2021,$59.10,5646408,$58.26,$59.445,$58.10
10/04/2021,$58.24,5652962,$58.58,$59.00,$57.68
10/01/2021,$58.58,6925256,$57.67,$59.01,$57.25
09/30/2021,$57.56,4929915,$58.92,$59.17,$57.55
09/29/2021,$58.82,4578945,$59.46,$59.60,$58.77
09/28/2021,$59.46,6681760,$60.15,$60.645,$59.14
09/27/2021,$59.69,12373980,$56.88,$60.38,$56.88
09/24/2021,$56.81,7964986,$57.20,$57.34,$56.74
09/23/2021,$57.43,7814123,$56.77,$58.045,$56.60
09/22/2021,$56.30,6823824,$56.26,$56.98,$56.255
09/21/2021,$55.53,6156370,$56.59,$56.86,$55.21
09/20/2021,$56.18,7683867,$56.26,$57.1304,$55.31
09/17/2021,$57.75,9625499,$58.80,$59.17,$57.47
09/16/2021,$59.47,4650841,$60.14,$60.32,$59.07
09/15/2021,$60.20,5167759,$59.75,$60.67,$59.67
09/14/2021,$59.65,4493572,$61.24,$61.30,$59.5224
09/13/2021,$60.72,4549217,$61.27,$61.59,$60.215
09/10/2021,$60.41,4093257,$60.85,$61.44,$60.34
09/09/2021,$60.28,4439095,$60.25,$61.19,$60.07
09/08/2021,$60.69,4628973,$61.83,$62.11,$60.51
09/07/2021,$61.87,2514731,$61.98,$62.30,$61.64
09/03/2021,$62.12,3690597,$62.45,$62.825,$61.67
09/02/2021,$62.62,3414738,$62.76,$63.36,$62.42
09/01/2021,$62.54,3949213,$62.83,$63.00,$61.81
08/31/2021,$62.90,5449999,$63.70,$63.88,$62.69
08/30/2021,$63.98,3925138,$65.00,$65.3275,$63.95
08/27/2021,$65.38,5348664,$64.19,$65.855,$64.12
08/26/2021,$63.65,3618463,$63.84,$64.56,$63.47
08/25/2021,$63.87,3246877,$63.30,$64.18,$62.82
08/24/2021,$63.26,2896124,$62.46,$63.53,$62.46
08/23/2021,$62.06,3440001,$61.50,$62.42,$61.46
08/20/2021,$60.89,3203679,$60.41,$61.11,$60.32
08/19/2021,$60.55,3981572,$61.04,$61.39,$60.15
08/18/2021,$61.88,4573993,$61.91,$62.83,$61.71
08/17/2021,$62.31,3974459,$62.69,$62.875,$61.14
08/16/2021,$63.32,3163519,$63.20,$63.595,$62.14
08/13/2021,$63.69,2385569,$63.97,$64.10,$63.35
08/12/2021,$64.01,3581677,$64.36,$64.62,$63.3032
08/11/2021,$64.24,3583605,$63.42,$64.30,$63.22
08/10/2021,$63.12,3559953,$62.02,$63.57,$61.94
08/09/2021,$61.82,3178247,$61.72,$62.225,$61.36
08/06/2021,$62.00,3142752,$61.61,$62.37,$61.55
08/05/2021,$61.00,3037315,$61.29,$61.80,$60.90
08/04/2021,$60.99,3340099,$61.74,$62.20,$60.98
08/03/2021,$62.23,4819652,$61.15,$62.27,$60.155
08/02/2021,$61.22,3714490,$62.30,$63.59,$61.19
07/30/2021,$62.16,4646993,$62.49,$63.225,$61.665
07/29/2021,$62.60,3708591,$62.44,$62.93,$62.01
07/28/2021,$61.87,4113699,$61.83,$62.30,$61.06
07/27/2021,$61.95,3568528,$61.51,$62.42,$60.86
07/26/2021,$62.01,6534277,$60.20,$62.04,$60.20
07/23/2021,$60.11,4690527,$60.84,$61.28,$59.80
07/22/2021,$60.48,7111276,$58.56,$60.89,$58.00
07/21/2021,$59.73,7428270,$59.52,$60.05,$59.055
07/20/2021,$58.62,6771667,$58.14,$59.19,$57.6281
07/19/2021,$57.79,7815369,$58.14,$58.48,$57.055
07/16/2021,$60.01,6961324,$61.30,$61.72,$59.80
07/15/2021,$61.91,2745836,$61.80,$62.72,$61.69
07/14/2021,$62.32,2571796,$62.94,$63.645,$62.17
07/13/2021,$62.70,3074497,$63.42,$63.69,$62.32
07/12/2021,$63.22,3100367,$62.56,$63.60,$61.975
07/09/2021,$63.08,5063232,$62.23,$63.67,$62.10
07/08/2021,$61.41,4251323,$61.00,$62.02,$60.65
07/07/2021,$62.25,3424426,$61.70,$62.49,$61.0937
07/06/2021,$61.93,3727013,$63.40,$63.45,$61.405
07/02/2021,$63.51,3173209,$63.33,$63.77,$62.80
07/01/2021,$63.50,3324926,$64.22,$64.42,$63.42
06/30/2021,$63.28,3356526,$62.85,$63.62,$62.75
06/29/2021,$62.98,2653142,$63.28,$63.81,$62.58
06/28/2021,$62.90,2727034,$63.30,$63.30,$62.17
06/25/2021,$63.29,4259730,$63.25,$63.8698,$63.11
06/24/2021,$63.11,4253923,$63.78,$63.83,$62.76
06/23/2021,$63.15,3254512,$64.00,$64.27,$63.10
06/22/2021,$63.50,4019107,$63.46,$63.82,$62.68
06/21/2021,$63.11,5260165,$63.14,$63.9485,$62.79
06/18/2021,$61.98,8745303,$62.55,$63.05,$61.88
06/17/2021,$63.54,5696094,$65.77,$65.80,$62.33
06/16/2021,$65.59,5428753,$67.01,$67.12,$65.20
06/15/2021,$67.22,3255199,$66.91,$67.425,$66.44
06/14/2021,$66.96,3712815,$67.83,$68.18,$66.63
06/11/2021,$68.00,2726116,$68.47,$69.02,$67.84
06/10/2021,$67.99,4022011,$69.99,$70.17,$67.95
06/09/2021,$68.84,3379374,$69.25,$69.51,$68.47
06/08/2021,$69.38,3469512,$69.02,$69.72,$68.31
06/07/2021,$69.24,2804113,$70.37,$70.47,$68.89
06/04/2021,$70.37,3041943,$71.00,$71.1403,$69.88
06/03/2021,$70.61,4322464,$69.35,$70.70,$68.441
06/02/2021,$68.95,4797772,$70.32,$70.32,$68.86
06/01/2021,$70.41,4139082,$69.17,$70.53,$68.85
05/28/2021,$68.42,3815179,$69.08,$69.17,$67.71
05/27/2021,$68.66,6256635,$69.32,$69.96,$68.24
05/26/2021,$69.57,6059237,$68.83,$69.64,$68.21
05/25/2021,$69.04,4419444,$69.46,$70.45,$68.96
05/24/2021,$69.55,3420090,$69.59,$70.01,$69.095
05/21/2021,$68.83,3855720,$68.68,$69.60,$68.55
05/20/2021,$68.26,3126454,$68.46,$68.72,$67.86
05/19/2021,$68.55,4398488,$68.50,$68.91,$67.27
05/18/2021,$69.53,3523761,$71.00,$71.38,$69.51
05/17/2021,$70.91,3606679,$69.58,$71.08,$69.47
05/14/2021,$69.83,4817174,$68.50,$70.04,$68.37
05/13/2021,$68.08,3068440,$67.46,$68.60,$67.32
05/12/2021,$67.60,4886215,$68.75,$69.10,$67.40
05/11/2021,$68.57,5693429,$67.84,$68.90,$67.20
05/10/2021,$68.73,5038957,$69.75,$70.60,$68.66
05/07/2021,$69.04,5174923,$68.35,$69.32,$67.78
05/06/2021,$69.04,4670553,$68.02,$69.09,$67.17
05/05/2021,$68.07,4853957,$66.49,$68.235,$66.14
05/04/2021,$66.22,7367207,$64.25,$66.27,$63.80
05/03/2021,$64.55,6328101,$63.18,$65.035,$63.12
04/30/2021,$62.50,4932315,$63.45,$63.71,$62.30
04/29/2021,$64.06,4366020,$63.82,$64.69,$63.435
04/28/2021,$63.31,5584337,$63.03,$64.065,$62.70
04/27/2021,$62.65,3781310,$62.27,$62.85,$61.7199
04/26/2021,$62.20,4871606,$62.36,$62.82,$61.93
04/23/2021,$62.11,5683494,$61.10,$62.49,$60.45
04/22/2021,$60.93,12028870,$64.00,$64.05,$60.72
04/21/2021,$64.82,4283535,$62.46,$65.02,$62.375
04/20/2021,$62.48,4532442,$64.00,$64.05,$62.28
04/19/2021,$64.55,2566584,$64.80,$65.0399,$63.94
04/16/2021,$64.68,3698844,$65.27,$65.51,$64.26
04/15/2021,$64.57,2632733,$64.88,$64.92,$63.80
04/14/2021,$64.24,4234458,$63.59,$64.78,$63.36
04/13/2021,$63.31,4471855,$63.59,$63.68,$62.45
04/12/2021,$63.79,3143842,$63.60,$64.1499,$63.30
04/09/2021,$63.14,3720978,$63.19,$63.56,$62.54
04/08/2021,$63.19,3639017,$63.86,$64.03,$62.62
04/07/2021,$63.99,2374009,$64.49,$64.97,$63.66
04/06/2021,$64.60,3420312,$64.24,$65.39,$64.13
04/05/2021,$64.59,4077851,$65.00,$65.22,$64.25
04/01/2021,$64.60,3698904,$63.95,$64.72,$63.48
03/31/2021,$63.94,3643785,$64.27,$64.96,$63.51
03/30/2021,$64.61,2605114,$63.72,$64.79,$63.48
03/29/2021,$63.90,3193807,$63.62,$65.12,$63.50
03/26/2021,$63.99,4256347,$63.39,$64.14,$63.09
03/25/2021,$63.24,3921150,$61.47,$63.31,$61.25
03/24/2021,$62.04,4322624,$61.60,$63.42,$61.4027
03/23/2021,$60.75,5523475,$62.67,$62.6882,$60.40
03/22/2021,$63.51,4631116,$63.80,$63.80,$62.40
03/19/2021,$63.91,6445771,$64.72,$64.80,$62.66
03/18/2021,$64.72,4206432,$66.06,$67.27,$64.63
03/17/2021,$66.01,5138887,$63.48,$66.25,$63.18
03/16/2021,$63.18,6461643,$62.69,$63.83,$61.86
03/15/2021,$62.90,5361393,$64.07,$64.29,$62.45
03/12/2021,$64.34,2690951,$64.68,$65.05,$63.88
03/11/2021,$64.32,3651810,$64.33,$65.27,$64.22
03/10/2021,$64.09,4238456,$62.62,$64.46,$62.37
03/09/2021,$62.26,5823245,$63.67,$63.71,$61.91
03/08/2021,$63.44,4437617,$63.17,$64.2701,$62.51
03/05/2021,$62.91,3883764,$62.12,$63.04,$60.75
03/04/2021,$61.20,6050394,$62.06,$62.62,$60.09
03/03/2021,$62.25,5390315,$62.50,$63.39,$62.01
03/02/2021,$62.73,7316038,$62.21,$64.04,$61.80
03/01/2021,$61.54,4084252,$61.15,$62.27,$60.57
02/26/2021,$59.31,6399697,$60.85,$61.05,$58.80
02/25/2021,$61.35,3260272,$62.48,$62.837,$61.125
02/24/2021,$63.69,4668567,$62.00,$63.98,$61.943
02/23/2021,$62.12,4147279,$62.94,$62.97,$61.51
02/22/2021,$62.48,5672558,$60.62,$62.56,$60.20
02/19/2021,$60.39,4037102,$57.75,$60.53,$57.75
02/18/2021,$57.56,3112563,$58.30,$58.665,$57.10
02/17/2021,$58.54,3277821,$58.58,$58.91,$57.61
02/16/2021,$58.75,4072724,$58.90,$59.355,$58.54
02/12/2021,$58.15,1975051,$57.56,$58.27,$57.445
02/11/2021,$57.67,2326578,$57.81,$57.94,$56.69
02/10/2021,$57.67,3452996,$57.00,$58.38,$56.48
02/09/2021,$56.60,4209540,$57.50,$57.5153,$56.37
02/08/2021,$57.35,2543282,$57.75,$58.26,$57.21
02/05/2021,$57.24,3732511,$56.74,$57.83,$56.44
02/04/2021,$56.34,4312347,$55.47,$56.37,$54.82
02/03/2021,$55.35,3984229,$54.31,$55.395,$54.039
02/02/2021,$54.61,5229473,$53.56,$54.87,$52.87
02/01/2021,$52.75,4128319,$52.39,$52.84,$51.33
01/29/2021,$51.90,8895444,$53.85,$54.705,$51.76
01/28/2021,$54.38,5817027,$54.14,$54.85,$53.00
01/27/2021,$54.39,6283536,$54.64,$55.08,$52.66
01/26/2021,$55.74,3060282,$57.89,$58.25,$55.70
01/25/2021,$57.23,3682556,$56.86,$57.42,$55.66
01/22/2021,$57.50,2621785,$56.99,$57.785,$56.87
01/21/2021,$57.56,3442039,$58.51,$58.77,$57.31
01/20/2021,$58.57,3724400,$57.87,$58.63,$57.23
01/19/2021,$57.55,4919337,$57.76,$58.20,$56.33
01/15/2021,$57.31,6692942,$58.62,$58.82,$57.13
01/14/2021,$59.65,3578778,$60.21,$60.50,$59.42
01/13/2021,$60.03,3236261,$60.75,$61.31,$59.66
01/12/2021,$61.04,6235742,$59.32,$61.21,$59.00
01/11/2021,$58.86,3455867,$57.70,$58.95,$57.25
01/08/2021,$58.21,4063547,$58.37,$58.86,$57.75
01/07/2021,$58.51,4437561,$59.00,$59.77,$58.105
01/06/2021,$58.43,6208448,$56.95,$59.21,$56.55
01/05/2021,$55.80,3112791,$54.14,$56.17,$54.00
01/04/2021,$54.04,4853062,$55.82,$56.1214,$53.65
12/31/2020,$55.50,2663490,$55.47,$56.10,$55.11
12/30/2020,$55.47,3790040,$54.35,$55.66,$54.30
12/29/2020,$54.33,2221992,$54.50,$54.82,$53.85
12/28/2020,$54.29,3668192,$55.27,$55.77,$54.18
12/24/2020,$54.79,1074880,$54.92,$54.9681,$54.335
12/23/2020,$54.75,2251621,$55.02,$55.77,$54.73
12/22/2020,$54.67,2272556,$55.01,$55.27,$54.44
12/21/2020,$55.08,4458842,$54.05,$55.20,$53.73
12/18/2020,$55.66,11536680,$55.11,$55.75,$54.24
12/17/2020,$53.83,2222358,$54.20,$54.33,$53.585
12/16/2020,$53.83,1948873,$54.03,$54.1096,$53.24
12/15/2020,$54.13,2335474,$53.85,$54.15,$53.15
12/14/2020,$53.06,3121894,$54.60,$54.76,$53.03
12/11/2020,$54.00,2674780,$54.29,$54.45,$53.57
12/10/2020,$54.43,3401959,$54.66,$55.11,$54.04
12/09/2020,$54.66,3219097,$54.94,$55.7499,$54.35
12/08/2020,$54.55,3161546,$52.90,$54.67,$52.80
12/07/2020,$53.21,3602707,$54.93,$54.94,$53.02
12/04/2020,$55.05,3294474,$53.81,$55.10,$53.80
12/03/2020,$53.60,3213895,$52.99,$53.889,$52.80
12/02/2020,$53.20,3722954,$53.32,$53.565,$52.69
12/01/2020,$53.53,4328846,$54.43,$54.43,$52.90
11/30/2020,$53.01,8760639,$54.89,$55.00,$52.80
11/27/2020,$55.40,2847383,$55.91,$56.05,$55.01
11/25/2020,$56.43,4158453,$57.45,$57.45,$56.165
11/24/2020,$57.73,4442775,$57.00,$58.18,$56.61
11/23/2020,$55.94,4563309,$55.28,$56.29,$55.28
11/20/2020,$54.73,2871818,$55.07,$55.42,$54.28
11/19/2020,$55.34,3514002,$54.91,$55.49,$53.92
11/18/2020,$55.30,5903454,$54.65,$56.275,$54.53
11/17/2020,$54.48,4794952,$53.16,$54.56,$52.83
11/16/2020,$53.93,4075611,$53.55,$53.94,$52.14
11/13/2020,$51.97,3483195,$50.27,$52.13,$50.20
11/12/2020,$51.04,3468632,$51.74,$52.07,$50.54
11/11/2020,$52.21,4118487,$53.50,$53.605,$52.02
11/10/2020,$53.46,6148698,$52.33,$53.70,$52.07
11/09/2020,$52.12,9208254,$51.59,$54.18,$51.54
11/06/2020,$48.23,3061541,$49.23,$49.82,$48.031
11/05/2020,$48.97,4253017,$46.90,$49.45,$46.88
11/04/2020,$46.45,4542285,$47.95,$48.34,$46.2522
11/03/2020,$48.73,3293458,$48.25,$49.03,$47.66
11/02/2020,$47.82,3675799,$46.25,$48.06,$45.88
10/30/2020,$45.49,5166099,$45.86,$46.1899,$44.73
10/29/2020,$46.25,4300088,$44.63,$46.66,$44.57
10/28/2020,$45.18,6157072,$44.94,$45.70,$44.33
10/27/2020,$46.57,4141156,$46.92,$47.19,$46.39
10/26/2020,$47.15,4026350,$47.94,$48.14,$46.8168
10/23/2020,$48.53,3123429,$49.52,$49.9499,$48.41
10/22/2020,$48.82,5247621,$49.81,$50.16,$47.15
10/21/2020,$48.55,4092535,$49.38,$49.715,$48.55
10/20/2020,$49.34,2504534,$49.35,$50.15,$49.21
10/19/2020,$48.84,2903457,$49.33,$50.33,$48.74
10/16/2020,$49.30,2754650,$49.37,$49.995,$49.13
10/15/2020,$49.01,2793820,$47.88,$49.075,$47.84
10/14/2020,$48.83,5323887,$47.84,$48.9699,$47.42
10/13/2020,$47.88,6832232,$48.48,$48.98,$47.80
10/12/2020,$48.58,3005701,$49.40,$49.50,$48.2622
10/09/2020,$49.36,4473120,$49.80,$50.09,$48.70
10/08/2020,$49.38,2962044,$48.62,$49.41,$48.4759
10/07/2020,$48.30,4506471,$48.45,$49.06,$48.00
10/06/2020,$47.88,4474717,$49.12,$49.79,$47.86
10/05/2020,$48.58,3913406,$47.90,$48.8832,$47.70
10/02/2020,$47.31,4559039,$45.37,$47.47,$45.13
10/01/2020,$46.11,3407842,$47.21,$47.50,$45.93
09/30/2020,$47.05,4663564,$47.19,$48.12,$46.6102
09/29/2020,$46.57,2716855,$47.23,$47.78,$46.26
09/28/2020,$47.48,3993125,$46.50,$48.28,$46.50
09/25/2020,$46.04,4090217,$45.77,$46.40,$45.63
09/24/2020,$46.41,4648682,$46.67,$46.99,$45.69
09/23/2020,$46.74,4017963,$47.68,$48.12,$46.47
09/22/2020,$47.80,4181859,$47.98,$48.155,$47.20
09/21/2020,$47.91,6468795,$49.04,$49.33,$47.18
09/18/2020,$50.37,6271507,$50.53,$51.23,$50.25
09/17/2020,$50.97,5253719,$49.37,$51.25,$48.85
09/16/2020,$49.70,5864228,$50.19,$51.10,$49.43
09/15/2020,$51.07,4771657,$50.61,$51.5601,$50.39
09/14/2020,$50.09,5298909,$50.07,$50.51,$49.695
09/11/2020,$49.85,6225695,$49.21,$50.42,$49.04
09/10/2020,$48.70,4211309,$49.30,$49.75,$48.66
09/09/2020,$49.23,4168293,$48.57,$49.88,$48.50
09/08/2020,$47.93,4280766,$47.69,$48.415,$47.435
09/04/2020,$48.60,5326331,$49.29,$49.70,$48.08
09/03/2020,$48.39,6726911,$49.28,$49.80,$47.92
09/02/2020,$49.22,7305907,$47.68,$49.28,$47.42
09/01/2020,$47.27,5428599,$44.79,$47.28,$44.47
08/31/2020,$45.12,3916817,$45.99,$46.11,$45.09
08/28/2020,$46.05,3772941,$45.41,$46.21,$44.97
08/27/2020,$46.16,3702291,$46.68,$46.95,$45.81
08/26/2020,$46.34,3928691,$45.68,$46.66,$45.28
08/25/2020,$45.59,4188033,$46.41,$46.66,$45.473
08/24/2020,$46.12,4608978,$44.30,$46.15,$44.02
08/21/2020,$43.59,2511639,$43.50,$43.87,$43.25
08/20/2020,$43.69,3324045,$44.02,$44.14,$43.53
08/19/2020,$44.64,3453402,$44.69,$45.10,$44.25
08/18/2020,$44.71,2447199,$44.41,$45.03,$44.31
08/17/2020,$44.46,3257407,$45.10,$45.44,$44.21
08/14/2020,$44.87,1998413,$43.95,$45.14,$43.83
08/13/2020,$44.43,2767067,$43.86,$44.87,$43.71
08/12/2020,$44.28,2577510,$45.22,$45.38,$43.93
08/11/2020,$44.50,4373814,$45.54,$46.07,$44.34
08/10/2020,$44.80,4245910,$42.81,$44.89,$42.81
08/07/2020,$42.63,2913536,$41.58,$42.665,$41.4444
08/06/2020,$42.05,3724985,$41.69,$42.3167,$41.0555
08/05/2020,$41.99,3628782,$41.90,$42.48,$41.75
08/04/2020,$41.32,5408755,$40.04,$41.865,$39.90
08/03/2020,$40.09,5084560,$41.22,$41.24,$40.08
07/31/2020,$41.06,7463214,$41.49,$41.92,$40.59
07/30/2020,$41.73,4118685,$42.66,$42.83,$41.34
07/29/2020,$43.52,3187161,$42.80,$43.6359,$42.74
07/28/2020,$42.62,3395547,$43.74,$44.02,$42.59
07/27/2020,$44.00,4733801,$42.81,$44.48,$42.43
07/24/2020,$42.61,2999946,$42.82,$43.48,$42.30
07/23/2020,$42.82,6574291,$43.00,$43.20,$41.88
07/22/2020,$44.34,5792842,$42.94,$44.50,$42.885
07/21/2020,$43.04,3399981,$42.50,$43.43,$42.45
07/20/2020,$42.30,3580886,$43.34,$43.675,$42.12
07/17/2020,$43.67,4612391,$44.07,$44.15,$42.96
07/16/2020,$43.83,4259886,$43.19,$44.265,$42.84
07/15/2020,$43.33,3788340,$43.65,$44.10,$42.555
07/14/2020,$42.44,4350792,$41.32,$42.68,$41.24
07/13/2020,$41.24,3089031,$41.10,$41.84,$40.50
07/10/2020,$40.76,3007804,$39.44,$40.82,$39.4227
07/09/2020,$39.44,3671870,$40.39,$40.52,$39.17
07/08/2020,$40.35,4823859,$41.49,$41.78,$39.635
07/07/2020,$41.69,4536154,$41.74,$42.07,$41.17
07/06/2020,$42.45,4678989,$42.63,$42.78,$41.56
07/02/2020,$41.59,4017525,$41.66,$42.25,$40.91
07/01/2020,$40.75,4023867,$40.75,$41.30,$40.33
06/30/2020,$40.76,4835456,$40.59,$40.95,$39.76
06/29/2020,$40.98,7756715,$40.36,$41.195,$40.19
